name,entropy
London,6.460814138529576
Barcelona,6.110831852822263
Paris,6.437097959015987
